delta,s0,s1
0.08838955456600134,0.3392824557663355,0.4276720103323368
0.15149874766386728,0.32323129224710023,0.4747300399109675
0.10781090468151894,0.3412356502940988,0.44904655497561774
0.1285689778418403,0.3183750740046618,0.4469440518465021
0.048520818827530454,0.37130431708523254,0.419825135912763
0.11641806656447101,0.3482563761963319,0.4646744427608029
0.1287727882165513,0.32892462584241877,0.4576974140589701
0.08070705299902092,0.3588482306287974,0.4395552836278183
0.09820414535691996,0.3617141746215572,0.45991831997847715
0.08665554343820525,0.36937332842039383,0.4560288718585991
0.06730121858453869,0.339407493984418,0.4067087125689567
0.10028897713897938,0.3434947466496095,0.4437837237885889
0.10203048131968384,0.32093660045844263,0.4229670817781265
0.11477398560652513,0.34162197333410993,0.45639595894063506
0.1369414301849597,0.31453715039814706,0.45147858058310675
0.13015852998934435,0.325082733208116,0.45524126319746033
0.10116285310705914,0.3197004187157807,0.42086327182283984
0.1319972705766514,0.31648609488075125,0.44848336545740264
0.11963832728606111,0.32158361021537313,0.44122193750143424
0.1608039867390214,0.32701853528297503,0.48782252202199644
0.03395545485101692,0.39294438369887785,0.4268998385498948
0.07726322912329825,0.35601648076338377,0.433279709886682
0.06406437088798322,0.3500597744424483,0.4141241453304315
0.14504621596975087,0.3315531993163311,0.47659941528608196
0.08515114227314463,0.3468221618221485,0.4319733040952931
0.08289315572803291,0.35874362078600747,0.4416367765140404
0.09772903193100685,0.34954027566541496,0.4472693075964218
0.11798306832790373,0.3024691643449496,0.4204522326728533
0.1073578014530358,0.349380373740221,0.4567381751932568
0.12597644673320169,0.3499903274885673,0.475966774221769
0.15734452727487236,0.3070283064289272,0.46437283370379956
0.12808834509268213,0.32261631844741756,0.4507046635400997
0.1302933887801504,0.3346977573416342,0.4649911461217846
0.022824982619996548,0.36195809201552315,0.3847830746355197
0.1562832859352466,0.3300395846049029,0.4863228705401495
0.16863171323544024,0.2942590338838644,0.4628907471193046
0.16371145697406653,0.2861924885051259,0.44990394547919244
0.16794559575345452,0.3021934244234803,0.4701390201769348
0.15736417482018777,0.3363720509306141,0.4937362257508019
0.1297792604417159,0.3147753561087872,0.4445546165505031
0.08136433115962577,0.3751851272640688,0.45654945842369454
0.1262091132445216,0.3269584513867745,0.4531675646312961
0.11695614236071733,0.3306442872713471,0.4476004296320644
0.09412176557010493,0.33577441098353394,0.4298961765536389
0.1401778507342023,0.3230505687523139,0.4632284194865162
0.1366904068953761,0.3367215674540853,0.4734119743494614
0.10715126162075506,0.31225636877405794,0.419407630394813
0.13578707119622896,0.31725971752328963,0.4530467887195186
0.11564847530179995,0.3169552109628817,0.43260368626468165
0.1162806511171014,0.3203722708503397,0.4366529219674411
0.1409389536861826,0.3341422679805173,0.4750812216666999
0.09283196286671036,0.3414144335670408,0.4342463964337512
0.0645665061775001,0.34566266322504907,0.41022916940254917
0.09614334566682264,0.3532466001176767,0.44938994578449937
0.11009476574257465,0.3304958193313958,0.4405905850739705
0.0976960468135814,0.33907745687281254,0.43677350368639395
0.09315544632414058,0.33993754607496646,0.43309299239910704
0.1357706026868976,0.3309721807857948,0.46674278347269244
0.09417757429931517,0.31753126504416695,0.4117088393434821
0.11745145907491339,0.3188671331768475,0.4363185922517609
0.15599470168660995,0.3329993510772745,0.48899405276388447
0.14300521574800779,0.3169763187543606,0.4599815345023684
0.13925331641631167,0.31136795571805187,0.45062127213436354
0.1485356972886056,0.3161449601345171,0.4646806574231227
0.13823945399272075,0.3211075999181248,0.45934705391084557
0.09034403388665174,0.3155995265235817,0.40594356041023344
0.10610472848105335,0.34395142793749944,0.4500561564185528
0.13105359214737156,0.3089540974595513,0.4400076896069229
0.09619906209257417,0.35443408628612993,0.4506331483787041
0.16213132692439014,0.3467261802431124,0.5088575071675026
0.1045508064936358,0.3057963451636925,0.41034715165732827
0.1617636211255215,0.3315773064040243,0.4933409275295458
0.14646695238142887,0.3137202563041729,0.46018720868560176
0.14775958715117643,0.32115858026976635,0.4689181674209428
0.16245252875468652,0.301307358957789,0.4637598877124755
0.08968696571327917,0.35348253830210874,0.4431695040153879
0.13055380504871128,0.30580134022286304,0.4363551452715743
0.11688681946518087,0.3302524855082377,0.4471393049734186
0.07535065003328706,0.37436186928809423,0.4497125193213813
0.15605300545761358,0.3069149999197026,0.4629680053773162
0.09146797797440132,0.34619936437268034,0.43766734234708166
0.11330927440670907,0.32778022840087223,0.4410895028075813
0.12846140348392693,0.3457484412468668,0.47420984473079375
0.1148757600374204,0.35417622937858034,0.46905198941600074
0.10876731938549528,0.35224284067540873,0.461010160060904
0.14797948052233362,0.30198681543637057,0.4499662959587042
0.15980947342226298,0.3164098117713583,0.4762192851936213
0.14972379778778988,0.331421818943734,0.4811456167315239
0.14559814010395639,0.31070978909135105,0.45630792919530744
0.14560038847860096,0.3134735481913163,0.45907393666991725
0.12616676738357713,0.3354044243629362,0.46157119174651334
0.07588367453696288,0.3504084233451953,0.42629209788215816
0.11680644019491732,0.3025145616539548,0.4193210018488721
0.11256680264358032,0.3357906399507258,0.4483574425943061
0.10947028295366351,0.3307405799546487,0.4402108629083122
0.11075749494654502,0.3308954864979746,0.44165298144451964
0.12311924989430956,0.3195257942451141,0.4426450441394237
0.13555429039109335,0.32057670854239756,0.4561309989334909
0.15095397636204277,0.295100285293866,0.4460542616559088
0.14566940436837766,0.30448830411228994,0.4501577084806676
0.1559214772432687,0.3311669429254702,0.48708842016873893
0.1466569342101598,0.28528731378408434,0.43194424799424413
0.13876883894119013,0.3293514551978941,0.46812029413908424
0.134355194691743,0.29664612696076126,0.43100132165250427
0.11665642254270808,0.31987136365355257,0.43652778619626065
0.12141197263341874,0.3141124666526101,0.43552443928602885
0.08322970341690134,0.37720005777399196,0.4604297611908933
0.18194759021493334,0.29764388345495923,0.4795914736698926
0.11371074696944805,0.3295595564633997,0.44327030343284773
0.1300041434256034,0.33963259166951143,0.46963673509511483
0.11297237849791647,0.3249659463821014,0.4379383248800179
0.13052937314395424,0.2922231175243774,0.42275249066833165
0.09854845521049388,0.31713104651125246,0.41567950172174634
0.13685588115729613,0.3182296652016851,0.45508554635898124
0.11873318537204347,0.3324976850242958,0.45123087039633925
0.08733516683306158,0.33637304928099643,0.423708216114058
0.1625756350133653,0.29961090838896237,0.4621865434023277
0.08800532971006164,0.3419078653634265,0.42991319507348813
0.14646261150933187,0.32244866029646313,0.468911271805795
0.10899000861045605,0.34362223274689474,0.4526122413573508
0.12633273119326943,0.31071661261842665,0.4370493438116961
0.15495756858848053,0.3316810111018144,0.48663857969029495
0.15062665847641404,0.32773007321278186,0.4783567316891959
0.12438898743349924,0.34455176501513285,0.4689407524486321
0.12694909923288966,0.3178793275224962,0.44482842675538586
0.0979500344380736,0.3250758712403329,0.4230259056784065
0.1029261415656213,0.32549436028067297,0.42842050184629427
0.00011208875792728668,0.3965703619974893,0.3966824507554166
0.08581063476627704,0.3645350025060768,0.4503456372723538
0.08814307699337365,0.3546912849533826,0.44283436194675624
0.14505702487471023,0.32893578867165285,0.4739928135463631
0.1226530232957409,0.32666314271424784,0.44931616600998875
0.15597710798259812,0.30978672921716816,0.4657638371997663
0.13650687756044982,0.32265995062917907,0.4591668281896289
0.09943951312530558,0.2905088027593708,0.3899483158846764
0.06027452402708722,0.3368502814387418,0.397124805465829
0.17568706227524472,0.30598978860627624,0.48167685088152096
0.08888911531892746,0.3308256982347913,0.41971481355371876
0.09879785879412945,0.3594271127135748,0.45822497150770425
0.15136049508132704,0.321349590261269,0.47271008534259606
0.16978160946414916,0.28215789308780287,0.45193950255195203
0.10585127629653729,0.3596605890867027,0.46551186538323996
0.15226495106557048,0.29473951629329187,0.44700446735886235
0.12001220950950836,0.31406520169332236,0.4340774112028307
0.08872241322680696,0.35508403494157853,0.4438064481683855
0.14783322159553924,0.3147532746161162,0.46258649621165543
0.1430944249805038,0.3297440335797111,0.4728384585602149
0.13387719488680316,0.3249074297939035,0.4587846246807067
0.15627907235667338,0.32500929257402755,0.48128836493070093
0.10626702397512583,0.34168457706776406,0.4479516010428899
0.12128620210654456,0.31786727170463336,0.4391534738111779
0.14678215244487097,0.32012669123022536,0.46690884367509633
0.06477169486019152,0.3639811801805091,0.42875287504070064
0.14700750881180324,0.29126632817016085,0.4382738369819641
0.1049281913765599,0.375668089404269,0.4805962807808289
0.07339225826217904,0.37603590935733927,0.4494281676195183
0.1337053250514249,0.3380468543518423,0.4717521794032672
0.09259280895845651,0.3351038663955693,0.42769667535402583
0.10698466833190401,0.3586939183732238,0.4656785867051278
0.13428771503733805,0.3505915707337741,0.48487928577111217
0.0753570718606526,0.33545634831899857,0.41081342017965117
0.1294187472821947,0.3477385317935827,0.47715727907577743
0.1499417866758076,0.2984761056591606,0.4484178923349682
0.12606723628017297,0.32472568364642346,0.4507929199265964
0.11538091194793132,0.35088934141214256,0.4662702533600739
0.11613819176598145,0.3053185897865687,0.4214567815525501
0.1295984239730345,0.3161530170659937,0.4457514410390282
0.09844319272487256,0.3493621600190285,0.44780535274390104
0.12423107091048052,0.3247322220528245,0.448963292963305
0.16724621797729272,0.30983923213960185,0.47708545011689457
0.08582563036315749,0.3508276811047301,0.4366533114678876
0.11229608911864852,0.3144978850164951,0.42679397413514364
0.12335809419540217,0.3399942112407473,0.46335230543614947
0.0773084447566117,0.3360561924174982,0.4133646371741099
0.08164989835723419,0.35235057103328316,0.43400046939051734
0.1039058762400496,0.3340013867331416,0.4379072629731912
0.1432530031975754,0.3378551605124622,0.4811081637100376
0.11864583462435102,0.33481520361126205,0.45346103823561307
0.1504431965161414,0.3116053127019893,0.46204850921813073
0.1634128244899632,0.28445247189459094,0.44786529638455413
0.11636489206211942,0.34314860893892785,0.45951350100104726
0.12120944343648593,0.3384004955025605,0.45960993893904645
0.12336746180661196,0.3262077664329334,0.4495752282395454
0.11583599473013606,0.31572605833065714,0.4315620530607932
0.11281079650699971,0.32561685028780774,0.43842764679480745
0.1369052964096834,0.32649199911060556,0.46339729552028897
0.09521649778722141,0.3458528587035563,0.4410693564907777
0.13836687410144421,0.30996912425226375,0.44833599835370797
0.1416737512082174,0.3017746377502524,0.4434483889584698
0.0993960340435242,0.34371834027677106,0.44311437432029527
0.12125887467508883,0.31685498540600443,0.43811386008109326
0.06317551896133372,0.34937025105258573,0.41254577001391946
0.10156494248709619,0.30659459977601544,0.40815954226311163
0.10464109378801173,0.33317817724133153,0.43781927102934326
0.1014079745385364,0.3128862853055804,0.4142942598441168
0.10778370325347036,0.32776719072277993,0.4355508939762503
0.13576834777656382,0.31058824792073403,0.44635659569729785
0.13017386888437416,0.32042044239443923,0.4505943112788134
0.08731574317801799,0.3215897930049201,0.40890553618293807
0.11396047635385481,0.33729971994604746,0.45126019629990227
0.1542942952161357,0.30461893457550115,0.45891322979163685
0.1540484712874916,0.3357820423935134,0.489830513681005
0.08342903676116381,0.35731534214865984,0.44074437890982365
0.16819072823147968,0.3188807030344912,0.48707143126597086
0.07804796645949447,0.35244917603032994,0.4304971424898244
0.13068076074034907,0.34975820549612235,0.4804389662364714
0.12219838571853503,0.3046521642259311,0.42685054994446614
0.11615379428231032,0.31628960989903404,0.43244340418134436
0.13594100412427895,0.32710576246314566,0.4630467665874246
0.1292393588931719,0.30391857389741034,0.43315793279058223
0.09400719689712267,0.3381532871985572,0.43216048409567986
0.08097138674727056,0.35990215280143256,0.4408735395487031
0.11497760114197392,0.33989332603175676,0.4548709271737307
0.05602510439641911,0.353522239321968,0.40954734371838714
0.12031310552350771,0.3073230020211438,0.42763610754465153
0.1113961728459063,0.3410756037558461,0.4524717766017524
0.09116802642493288,0.3643525927714172,0.45552061919635006
0.15891062108556636,0.3471828787662367,0.5060934998518031
0.10964425474329614,0.3403670698313607,0.45001132457465687
0.047350264655432184,0.37954890096965094,0.4268991656250831
0.0765455842102874,0.35918314791939715,0.43572873212968455
0.15599855939747054,0.3420030769444248,0.4980016363418953
0.15731430890008735,0.2919193717236376,0.44923368062372493
0.1178327730023514,0.3158532322006972,0.4336860052030486
0.13292693558323565,0.2829320971761448,0.41585903275938046
0.11869693069521864,0.33300144211023663,0.4516983728054553
0.14331438332104562,0.3224871138698897,0.46580149719093533
0.1315724865397001,0.31564465333962866,0.44721713987932876
0.11170484171303446,0.32827366108262096,0.4399785027956554
0.1423842063594578,0.30801519245811365,0.45039939881757146
0.11981089688786956,0.3447278440861843,0.46453874097405384
0.11287041671584996,0.337026819458724,0.44989723617457394
0.1223435716568721,0.2974303445332456,0.4197739161901177
0.10936113361288624,0.3197768279998318,0.42913796161271806
0.11495683574217436,0.3330547223138124,0.44801155805598675
0.15515928117561834,0.27770656053676906,0.4328658417123874
0.10398674156664761,0.3416585789698705,0.4456453205365181
0.15166181658580957,0.3072154954199819,0.45887731200579146
0.13482252017718904,0.31375136133749665,0.4485738815146857
0.10334914001049295,0.3242589236085569,0.42760806361904985
0.15761739356821647,0.29761688034426154,0.455234273912478
0.14993149246616033,0.3081156573642724,0.4580471498304327
0.15927523120870563,0.3149498868061927,0.4742251180148983
0.09810119815619783,0.3404373851634621,0.43853858331965995
0.1105533808413614,0.3417141907099538,0.4522675715513152
0.12622774048149304,0.3276810865083905,0.45390882698988355
0.14188585698605832,0.316321468700152,0.4582073256862103
0.09907647843685369,0.3558860611170991,0.45496253955395277
0.11858585060611154,0.32108863687972916,0.4396744874858407
0.09438765871273064,0.3375788219474159,0.43196648066014653
0.13455883211128544,0.31825008863628423,0.4528089207475697
0.07068094361947252,0.36560134985772247,0.436282293477195
0.08887652468851781,0.3250764405394575,0.4139529652279753
0.11891843740635633,0.3259633164830145,0.44488175388937085
0.13584961852283528,0.32523511124661053,0.4610847297694458
0.1200446860054824,0.29806957474264373,0.41811426074812613
0.09814798900053584,0.3479212878415485,0.44606927684208436
0.15274470213878844,0.3078725149419902,0.46061721708077863
0.07698322979849015,0.3377128102140428,0.41469604001253296
0.13895938576472822,0.30178410156720836,0.4407434873319366
0.15507534852904437,0.3176148220845042,0.47269017061354857
0.12534927184439587,0.326208563746203,0.45155783559059887
0.09787810417264309,0.34537502558134797,0.44325312975399106
0.11755179954625389,0.31818594966742836,0.43573774921368225
0.10266252354354871,0.33658547769797975,0.43924800124152846
0.11886979785266943,0.3307402287526671,0.44961002660533655
0.1293200911635361,0.3077211835593995,0.4370412747229356
0.1327661053385087,0.2835732498412636,0.4163393551797723
0.14410604840674157,0.3069547120782161,0.4510607604849577
0.14892502824286502,0.3147253086744151,0.46365033691728014
0.1535944147678237,0.3220219951551461,0.47561640992296983
0.08172349381059679,0.3310681660571729,0.41279165986776967
0.09326958287116655,0.35332950628942494,0.4465990891605915
0.19007113162196948,0.2984370434300405,0.48850817505201
0.08565050941790109,0.3316237918871892,0.4172743013050903
0.10178220241325997,0.3266601367941435,0.4284423392074035
0.08276265041972658,0.34623972850923385,0.4290023789289604
0.13513225070852708,0.31861761946586864,0.4537498701743957
0.1324833032397954,0.33060668745689265,0.46308999069668805
0.12657814339395568,0.3219123763002434,0.44849051969419906
0.07176413396603926,0.3576774168091271,0.4294415507751664
0.11105168137564975,0.3443614400093056,0.4554131213849553
0.114801201860391,0.31904665779937885,0.43384785965976985
0.13033169711913767,0.32669515255053977,0.45702684966967744
0.17041650549436216,0.3076804913171561,0.47809699681151824
0.15417261016709394,0.32209492013010244,0.4762675302971964
0.11459655804628238,0.3332649840949049,0.4478615421411873
0.14236279602718216,0.316236722012618,0.45859951803980015
0.1481071101208386,0.34367585170277276,0.49178296182361136
0.14934174720448495,0.3316391175764431,0.48098086478092805
0.13255467058075004,0.32563286862669194,0.458187539207442
0.15078509981493637,0.31162791226318987,0.46241301207812624
0.15173942316476086,0.3365267395065067,0.48826616267126755
0.10473073268892974,0.34057928957180006,0.4453100222607298
0.07366026164532696,0.38010119141570586,0.4537614530610328
0.114862823075503,0.3016147051243371,0.4164775281998401
0.0970664723128376,0.3502980843890917,0.4473645567019293
0.1405293996639831,0.31960755814395253,0.4601369578079356
0.1250907894722686,0.32788159992237204,0.45297238939464063
0.1164323662802978,0.3308107322915395,0.4472430985718373
0.1445775723274974,0.31252752748712925,0.45710509981462666
0.15335943642939648,0.29416059876981226,0.44752003519920874
0.11437556692214601,0.3145454720577776,0.4289210389799236
0.14196194968752301,0.320321279617266,0.462283229304789
0.12503931157434284,0.32467703290765526,0.4497163444819981
0.1456682966919023,0.3266084089914411,0.4722767056833434
0.08314857248071195,0.3548592033720652,0.43800777585277717
0.1049752992514193,0.3207586526573845,0.4257339519088038
0.14699476936269562,0.30786391004623903,0.45485867940893465
0.10871999189346637,0.3077553162980511,0.41647530819151746
0.17594803357362465,0.3116883503158309,0.48763638388945557
0.10324505312102067,0.3609192904997326,0.46416434362075326
0.10523497380155977,0.3211175977073587,0.4263525715089185
0.16549851242562397,0.3172736392830698,0.48277215170869375
0.1053344099817648,0.3485370230665005,0.45387143304826527
0.11826949134103482,0.3571265604247337,0.4753960517657685
0.1807593305925687,0.30639106739464644,0.48715039798721516
0.1022416588210262,0.3298092349968478,0.432050893817874
0.14864613476023603,0.3109032086382642,0.45954934339850023
0.12480279910672509,0.3464326107814621,0.4712354098881872
0.15949989159990874,0.3329327884150736,0.49243268001498236
0.12018220601643276,0.3501695963414775,0.47035180235791024
0.12506427961528138,0.31884785707000124,0.4439121366852826
0.1261395503070064,0.3179829924274554,0.44412254273446183
0.09857820864813083,0.3387901528174064,0.4373683614655372
0.1305711850879921,0.337001240874926,0.4675724259629181
0.12416810982296511,0.3315248309677586,0.4556929407907237
0.11451293408041707,0.3237427713887872,0.4382557054692043
0.09914294292881676,0.3581810935767047,0.45732403650552145
0.11265169371486838,0.3236333938422944,0.4362850875571628
0.08648791453818494,0.3437142589628463,0.43020217350103124
0.12116994559985117,0.3023796610448374,0.42354960664468855
0.15604998454200858,0.3085123583735098,0.4645623429155184
0.1329906262180936,0.3108884426442927,0.4438790688623863
0.127979120567912,0.33591110989573586,0.46389023046364786
0.1268074052368111,0.3224485297665253,0.44925593500333644
0.11252329645654757,0.34647561045665876,0.45899890691320633
0.12109539321066376,0.3064517144749574,0.42754710768562115
0.14922524373852347,0.3197639649456252,0.4689892086841487
0.1445713458004606,0.3231436688604672,0.4677150146609278
0.08835818750290358,0.3475207162001641,0.4358789037030677
0.09357141191893231,0.3629333393898066,0.4565047513087389
0.10503961540249784,0.34322387279733046,0.4482634881998283
0.045005097213720646,0.3527616796221803,0.39776677683590095
0.09758646346512917,0.35026946689684507,0.44785593036197424
0.14793776117894564,0.3081855993332797,0.45612336051222535
0.10291188496545717,0.344385051944547,0.44729693691000416
0.06669190365088351,0.3745919652942224,0.4412838689451059
0.10460390494905702,0.34239531886438396,0.446999223813441
0.1251082566309618,0.31523131743289706,0.4403395740638589
0.1069713796804207,0.33601879137503815,0.44299017105545885
0.1443452632898018,0.288905678537131,0.4332509418269328
0.16263146201593098,0.2856264062050449,0.4482578682209759
0.09537640200720437,0.3731137246683774,0.46849012667558176
0.1207251459753984,0.3430160990012912,0.4637412449766896
0.11695526951356672,0.30413840602208264,0.42109367553564936
0.12438648161172883,0.32545348365278765,0.4498399652645165
0.09752005751976645,0.32514413095335387,0.4226641884731203
0.1288839455923212,0.33381767165962795,0.46270161725194914
0.07769332801320328,0.3169168670129894,0.39461019502619266
0.12388259777563299,0.3412872252704907,0.4651698230461237
0.11328174800890334,0.3173463233058098,0.43062807131471315
0.14383974929659832,0.3223268157062473,0.46616656500284565
0.12153583517991629,0.32790146235528406,0.44943729753520034
0.14344042370199533,0.3049246567608729,0.4483650804628682
0.10086875830789083,0.35352380584702514,0.45439256415491597
0.09036407099537974,0.3399621008762887,0.43032617187166844
0.1228381809029066,0.3184998376432583,0.4413380185461649
0.10434582456137242,0.34180084035821334,0.44614666491958577
0.1420750554347664,0.3375894812217223,0.47966453665648867
0.1400862534029385,0.3131290877082462,0.4532153411111847
0.05625506459674956,0.3827848467616188,0.43903991135836834
0.109697855453261,0.31560427604609365,0.42530213149935464
0.1146646602311076,0.34337080780908,0.45803546804018763
0.10212621095032764,0.31160444762716605,0.4137306585774937
0.09858642919034794,0.3380539240059343,0.43664035319628225
0.13237939722914677,0.3137242561322789,0.44610365336142566
0.16014871691486326,0.310620529947272,0.4707692468621353
0.1593839185988022,0.3036205125860456,0.4630044311848478
0.09131609570508553,0.33200361753023716,0.4233197132353227
0.07023183075298078,0.36073524150766445,0.43096707226064523
0.1745326016670583,0.31209998234735964,0.48663258401441795
0.12092004732383488,0.3167288987028389,0.43764894602667376
0.12722524494970555,0.3354509102900602,0.46267615523976574
0.13981161067024828,0.3088272082464715,0.44863881891671975
0.088626166917529,0.34613841665075773,0.43476458356828673
0.14013768008461652,0.3112481333474536,0.4513858134320701
0.09499398735848591,0.33412518560613796,0.4291191729646239
0.16889828913434907,0.3046127859621868,0.4735110750965359
0.1343554842203058,0.3112226438629559,0.4455781280832617
0.15980887515606435,0.29533501249439376,0.4551438876504581
0.151748243750712,0.29949764392049094,0.45124588767120294
0.13472985225467782,0.3215300730135647,0.4562599252682425
0.13854900243432489,0.30299348272117915,0.44154248515550404
0.10395804711022233,0.36776861199372796,0.4717266591039503
0.14497181561920008,0.3104330083105034,0.4554048239297035
0.1625026811686313,0.3197264380176701,0.4822291191863014
0.10017842528138626,0.3443501510318664,0.44452857631325265
0.1221246139306143,0.31910731481413845,0.44123192874475275
0.07476951324788944,0.3870135816512042,0.46178309489909364
